\c smdb
INSERT INTO movie values('inc01','Inception',140,2010,'16/06/2010',825000000);
INSERT INTO movie values('shr01','The Shawshank Redemption',142,1994,'17/02/1994',58000000);
INSERT INTO movie values('dkr01','The Dark Knight',152,2008,'18/07/2008',534000000);
INSERT INTO movie values('dkr02','The Dark Knight Rises',164,2012,'10/07/2012',1000000000);
INSERT INTO movie values('shi01','Shutter Island',138,2010,'12/03/2010',294000000);
INSERT INTO movie values('rhr01','Rush Hour 1',98,1998,'18/09/1998',141000000);
INSERT INTO movie values('rhr02','Rush Hour 2',90,2001,'03/08/2001',347000000);
INSERT INTO movie values('rhr03','Rush Hour 3',91,2007,'10/08/2007',140000000);
INSERT INTO movie values('blp01','Black Panther',134,2018,'16/02/2018',639000000);
INSERT INTO movie values('thr01','Thor Ragnarok',130,2017,'03/11/2017',315000000);
INSERT INTO movie values('avg01','The Avengers',143,2012,'26/04/2012',623000000);
INSERT INTO movie values('jtl01','Justice League',120,2017,'17/11/2017',229000000);
INSERT INTO movie values('plf01','Pulp Fiction',154,1994,'21/10/2994',107000000);
INSERT INTO movie values('ttx01','The Tuxedo',98,2002,'10/01/2002',50000000);
INSERT INTO movie values('dan01','Dangal',161,2016,'21/12/2016',12000000);
INSERT INTO movie values('tzp01','Taare Zameen Par',165,2007,'21/12/2007',1000000);
INSERT INTO movie values('bjm01','Bajirao Mastani',158,2015,'18/12/2015',6000000);
INSERT INTO movie values('bmb01','Bhaag Milkha Bhaag',186,2013,'12/07/2013',1000000);
INSERT INTO movie values('udp01','Udta Punjab',148,2016,'17/06/2016',13000000);
INSERT INTO movie values('pmv01','Padmaavat',164,2018,'25/01/2018',11000000);
INSERT INTO movie values('bhg01','Baaghi',133,2016,'29/04/2016',18000000);
INSERT INTO movie values('end01','Enthiran',174,2010,'01/10/2010',54000000);
INSERT INTO movie values('kab01','Kabali',153,2016,'22/07/2016',46000000);
INSERT INTO movie values('shb01','Shivaji The Boss',188,2007,'15/06/2007',19000000);
INSERT INTO movie values('ron01','Rock On!!',148,2008,'29/07/2008',7000000);
INSERT INTO movie values('jum01','Jumanji',104,1995,'16/02/1995',262000000);
INSERT INTO movie values('slm01','Slumdog Mullionaire',120,2008,'25/12/2008',378000000);
INSERT INTO movie values('tmi01','The Man Who Knew Infinity',108,2016,'08/04/2016',12000000);
INSERT INTO movie values('tid01','3 Idiots',170,2009,'24/12/2009',80000000);
INSERT INTO movie values('gow01','Gangs of Wasseypur',321,2012,'02/08/2012',37000000);
INSERT INTO movie values('rdb01','Rang De Basanti',157,2006,'26/01/2006',29000000);
INSERT INTO movie values('lag01','Lagaan',224,2001,'15/05/2001',2500000);
INSERT INTO movie values('zmd01','Zindagi Na Milegi Dobara',155,2011,'15/07/2011',29000000);
INSERT INTO movie values('cdi01','Chak de! India',153,2007,'10/08/2007',14000000);
INSERT INTO movie values('pka01','PK',165,2014,'19/12/2014',7920000000);
INSERT INTO movie values('mnk01','My Name Is Khan',165,2010,'12/02/2010',42000000);
INSERT INTO movie values('bbh01','Bajrangi Bhaijaan ',163,2015,'17/06/2015',97000000);
INSERT INTO movie values('tgf01','The Godfather',175,1972,'24/08/1972',245000000);
INSERT INTO movie values('tgf02','The Godfather: Part II',202,1975,'15/05/1975',249000000);
INSERT INTO movie values('tam01','12 Angry Men',96,1957,'01/01/1957',200000000);
INSERT INTO movie values('mat01','The Matrix',136,1999,'11/06/1999',463000000);
INSERT INTO movie values('ist01','Interstellar',169,2014,'07/11/2014',675000000);
INSERT INTO movie values('tsy01','Toy Story',81,1995,'22/03/1995',373000000);
INSERT INTO movie values('tsy02','Toy Story 2',82,1999,'11/02/1999',485000000);
INSERT INTO movie values('tsy03','Toy Story 3',83,2010,'19/07/2010',1000000000);
INSERT INTO movie values('shh01','Sherlock Holmes',128,2009,'26/12/2009',524000000);
INSERT INTO movie values('shh02','Sherlock Holmes: A Game of Shadows',129,2011,'16/12/2011',545000000);
INSERT INTO movie values('rus01','Rush',123,2013,'13/09/2013',90000000);
INSERT INTO movie values('nsm01','Now You See Me',115,2013,'03/07/2013',351000000);
INSERT INTO movie values('nsm02','Now You See Me 2',129,2016,'04/06/2016',334000000);



INSERT INTO actor values('leo01','Leonardo','DiCaprio','Male','11/11/74');
INSERT INTO actor values('jgl02','Joseph','Gordon-Levitt','Male','17/02/81');
INSERT INTO actor values('mof03','Morgan','Freeman','Male','01/06/37');
INSERT INTO actor values('tir04','Tim','Robbins','Male','16/10/58');
INSERT INTO actor values('chb05','Christian','Bale','Male','13/01/74');
INSERT INTO actor values('hel06','Heath','Ledger','Male','04/04/79');
INSERT INTO actor values('toh07','Tom','Hardy','Male','15/09/77');
INSERT INTO actor values('anh08','Anne','Hathway','Female','12/11/82');
INSERT INTO actor values('dep09','Dev' ,'Patel','Male','23/04/90');
INSERT INTO actor values('mar10','Mark','Ruffalo','Male','22/11/67');
INSERT INTO actor values('bek11','Ben','Kingsley','Male','31/12/43');
INSERT INTO actor values('rdj12','Robert','Downey Jr.','Male','04/04/65');
INSERT INTO actor values('che13','Chris','Evans','Male','13/04/81');
INSERT INTO actor values('jac13','Jackie','Chan','Male','07/04/54');
INSERT INTO actor values('cht14','Chris','Tucker','Male','31/08/71');
INSERT INTO actor values('scj15','Scarlett','Johansson','Female','22/11/84');
INSERT INTO actor values('emo16','Emily','Mortimer','Female','1/12/1971');
INSERT INTO actor values('cbo17','Chadwick','Boseman','Male','29/11/1977');
INSERT INTO actor values('mbj18','Michael B','Jordan','Male','09/02/1987');
INSERT INTO actor values('chh19','Chris','Hemsworth','Male','11/08/1983');
INSERT INTO actor values('thi20','Tom','Hiddleston','Male','09/02/1981');
INSERT INTO actor values('baf21','Ben','Affleck','Male','15/08/1972');
INSERT INTO actor values('gga22','Gal','Gadot','Female','30/04/1985');
INSERT INTO actor values('hca23','Henry','Cavil','Male','05/05/1983');
INSERT INTO actor values('uth24','Uma','Thurman','Female','29/04/1970');
INSERT INTO actor values('jot25','John','Travolta','Male','18/02/1954');
INSERT INTO actor values('jlh26','Jennifer','Love Hewitt','Female','21/02/1979');
INSERT INTO actor values('aak27','Aamir','Khan','Male','14/03/1965');
INSERT INTO actor values('sta28','Sakshi','Tanwar','Female','12/01/1973');
INSERT INTO actor values('das29','Darsheel','Safary','Male','09/03/1996');
INSERT INTO actor values('ras30','Ranveer','Singh','Male','06/07/1985');
INSERT INTO actor values('pch31','Priyanka','Chopra','Female','18/07/1982');
INSERT INTO actor values('dpa32','Deepika','Padukone','Female','05/01/1986');
INSERT INTO actor values('faa33','Farhan','Akhtar','Male','09/01/1974');
INSERT INTO actor values('sok34','Sonam','Kapoor','Female','09/06/1985');
INSERT INTO actor values('ska35','Shahid','Kapoor','Male','25/02/1985');
INSERT INTO actor values('kka36','Kareena','Kapoor','Female','21/09/1980');
INSERT INTO actor values('alb37','Alia','Bhat','Female','15/03/1993');
INSERT INTO actor values('shk38','Shraddha','Kapoor','Female','03/03/1987');
INSERT INTO actor values('tis39','Tiger','Shroff','Male','02/03/1990');
INSERT INTO actor values('raj40','Rajini','Kanth','Male','12/12/1950');
INSERT INTO actor values('arb41','Aishwarya','Rai Bachchan','Female','01/11/1973');
INSERT INTO actor values('arr42','Arjun','Rampal','Male','26/11/1972');
INSERT INTO actor values('row43','Robbin','Williams','Male','21/07/1951');
INSERT INTO actor values('kdu44','Kirsten','Dunst','Female','30/04/1982');
INSERT INTO actor values('mab45','Manoj','Bajpayee','Male','23/04/1969');
INSERT INTO actor values('rch46','Richa','Chadha','Female','18/12/1986');
INSERT INTO actor values('kat47','Katrina','Kaif','Female','16/07/1984');
INSERT INTO actor values('hrr48','Hrithik','Roshan','Male','10/01/1974');
INSERT INTO actor values('srk49','Shah','Rukh Khan','Male','02/11/1965');
INSERT INTO actor values('ans50','Anushka','Sharma','Female','01/05/1988');
INSERT INTO actor values('kam51','Kajol','Mukherjee','Female','05/08/1974');
INSERT INTO actor values('sak52','Salman','Khan','Male','27/12/1965');
INSERT INTO actor values('mbr53','Marlon','Brando','Male','03/04/1924');
INSERT INTO actor values('alp54','Al','Pacino','Male','25/04/1940');
INSERT INTO actor values('hef55','Henry','Fonda','Male','16/05/1905');
INSERT INTO actor values('ljc56','Lee','J. Cobb','Male','08/12/1911');
INSERT INTO actor values('lfi57','Laurence','Fishburne','Male','30/07/1961');
INSERT INTO actor values('kre58','Keanu','Reeves','Male','02/04/1964');
INSERT INTO actor values('mmc59','Matthew','McConaughey','Male','04/11/1969');
INSERT INTO actor values('jla60','Jude','Law','Male','29/12/1972');
INSERT INTO actor values('rmc61','Rachel','McAdams','Female','17/11/1978');
INSERT INTO actor values('owi62','Olivia','Wild','Female','10/03/1984');
INSERT INTO actor values('dbr63','Daniel','Brühl','Male','16/06/1978');
INSERT INTO actor values('jei64','Jesse','Eisenberg','Male','05/10/1983');
INSERT INTO actor values('dfr65','Dave','Franco','Male','12/06/1985');
INSERT INTO actor values('woh66','Woody','Harrelson','Male','23/07/1961');




INSERT INTO director values('chn01','Christopher','Nolan','30/07/70');
INSERT INTO director values('frd02','Frank','Darabont','28/01/59');
INSERT INTO director values('brr04','Brett','Ratner','28/03/69');
INSERT INTO director values('ryc05','Ryan','Coogler','23/06/86');
INSERT INTO director values('taw06','Taika','Waititi','16/08/75');
INSERT INTO director values('jow07','Joss','Whedon','23/06/64');
INSERT INTO director values('zas08','Zack','Snyder','01/03/66');
INSERT INTO director values('qut09','Quentin','Tarantino','27/03/63');
INSERT INTO director values('ked10','Kevin','Donovan','17/12/71');
INSERT INTO director values('mas03','Martin','Scorsese','17/11/42');
INSERT INTO director values('nit11','Nithesh','Tiwari','23/09/75');
INSERT INTO director values('aak12','Aamir','Khan','14/03/65');
INSERT INTO director values('slb13','Sanjay','Leela Bhansali','24/02/63');
INSERT INTO director values('rom14','Rakeysh','Omprakash Mehra','07/07/63');
INSERT INTO director values('abc15','Abhishek','Chaubey','30/03/77');
INSERT INTO director values('sak16','Sabir','Khan','18/02/75');
INSERT INTO director values('ssh17','Shanmugam','Shankar','17/08/63');
INSERT INTO director values('par18','Pa','Ranjith','3/05/78');
INSERT INTO director values('joj19','Joe','Johnston','13/05/50');
INSERT INTO director values('dab20','Danny','Boyle','20/10/56');
INSERT INTO director values('mab21','Matt','Brown','19/06/68');
INSERT INTO director values('rah22','Rajkumar','Hirani','20/11/62');
INSERT INTO director values('ank23','Anurag','Kashyap','10/09/72');
INSERT INTO director values('asg24','Ashutosh','Gowariker','15/02/64');
INSERT INTO director values('zoa25','Zoya','Akhtar','14/11/72');
INSERT INTO director values('sha26','Shimit','Amin','14/10/68');
INSERT INTO director values('kaj27','Karan','Johar','25/06/72');
INSERT INTO director values('kak38','Kabir','Khan','23/03/71');
INSERT INTO director values('ffc29','Francis','Ford Coppola','07/04/39');
INSERT INTO director values('rah30','Sidney','Lumet','25/06/24');
INSERT INTO director values('law31','Lana','Wachowski','21/06/65');
INSERT INTO director values('jol32','John','Lassester','12/01/57');
INSERT INTO director values('leu33','Lee','Unkrich','08/08/67');
INSERT INTO director values('gur34','Guy','Ritchie','10/09/68');
INSERT INTO director values('roh35','Ron','Howard','01/03/54');
INSERT INTO director values('lol36','Louis','Litterier','17/06/73');
INSERT INTO director values('jmc37','Jon','M. Chu','02/11/79');




INSERT INTO genre values('gen01','Action');
INSERT INTO genre values('gen02','Adventure');
INSERT INTO genre values('gen03','Animation');
INSERT INTO genre values('gen04','Biography');
INSERT INTO genre values('gen05','Comedy');
INSERT INTO genre values('gen06','Crime');
INSERT INTO genre values('gen08','Drama');
INSERT INTO genre values('gen09','Family');
INSERT INTO genre values('gen10','Fantasy');
INSERT INTO genre values('gen11','History');
INSERT INTO genre values('gen12','Horror');
INSERT INTO genre values('gen13','Musical');
INSERT INTO genre values('gen14','Mystery');
INSERT INTO genre values('gen15','Romance');
INSERT INTO genre values('gen16','Sci-Fi');
INSERT INTO genre values('gen17','Short');
INSERT INTO genre values('gen18','Sport');
INSERT INTO genre values('gen19','Superhero');
INSERT INTO genre values('gen20','Thriller');
INSERT INTO genre values('gen21','War');
INSERT INTO genre values('gen22','Western');



INSERT INTO writer values('chn01','Christopher Nolan','inc01');
INSERT INTO writer values('frd02','Frank Darabont','shr01');
INSERT INTO writer values('chn03','Christopher Nolan','dkr01');
INSERT INTO writer values('chn04','Christopher Nolan','dkr02');
INSERT INTO writer values('lak05','Laeta Kalogridis','shi01');
INSERT INTO writer values('rol06','Ross LaManna','rhr01');
INSERT INTO writer values('jko07','Jim Kouf','rhr02');
INSERT INTO writer values('jko08','Jim Kouf','rhr03');
INSERT INTO writer values('ryc09','Ryan Coogler','blp01');
INSERT INTO writer values('epe10','Eric Pearson','thr01');
INSERT INTO writer values('jow11','Joss Whedon','avg01');
INSERT INTO writer values('cht12','Chris Terrio','jtl01');
INSERT INTO writer values('qut13','Quentin Tarantino','plf01');
INSERT INTO writer values('phh14','Phil Hay','ttx01');
INSERT INTO writer values('pig15','Piyush Gupta','dan01');
INSERT INTO writer values('amg16','Amole Gupte','tzp01');
INSERT INTO writer values('nsi17','Nagnath S. Inamdar','bjm01');
INSERT INTO writer values('prj18','Prasoon Joshi','bmb01');
INSERT INTO writer values('sus18','Sudip Sharma','udp01');
INSERT INTO writer values('prk19','Prakash Kapadia','pmv01');
INSERT INTO writer values('sad20','Sanjeev Datta','bhg01');
INSERT INTO writer values('mak21','Madhan Karky','end01');
INSERT INTO writer values('par22','Pa Ranjith','kab01');
INSERT INTO writer values('swk23','Swanand Kirkire','shb01');
INSERT INTO writer values('faa24','Farhan Akhtar','ron01');
INSERT INTO writer values('joh25','Jonathan Hensleigh','jum01');
INSERT INTO writer values('sib26','Simon Beaufoy','slm01');
INSERT INTO writer values('mab27','Matt Brown','tmi01');
INSERT INTO writer values('rah28','Rajkumar Hirani','tid01');
INSERT INTO writer values('akj29','Akhilesh Jaiswal','gow01');
INSERT INTO writer values('rez30','Renzil DSilva','rdb01');
INSERT INTO writer values('asg31','Ashutosh Gowariker','lag01');
INSERT INTO writer values('faa32','Farhan Akhtar','zmd01');
INSERT INTO writer values('jas33','Jaideep Sahni','cdi01');
INSERT INTO writer values('rah34','Rajkumar Hirani','pka01');
INSERT INTO writer values('shb35','Shibani Bhathija','mnk01');
INSERT INTO writer values('vip36','Vijayendra Prasad','bbh01');
INSERT INTO writer values('map37','Mario Puzo','tgf01');
INSERT INTO writer values('map38','Mario Puzo','tgf02');
INSERT INTO writer values('rer39','Reginald Rose','tam01');
INSERT INTO writer values('liw40','Lilly Wachowski','mat01');
INSERT INTO writer values('jon41','Jonathan Nolan','ist01');
INSERT INTO writer values('jol42','John Lassester','tsy01');
INSERT INTO writer values('jol43','John Lassester','tsy02');
INSERT INTO writer values('jol44','John Lassester','tsy03');
INSERT INTO writer values('mrj45','Michael R. Johnson','shh01');
INSERT INTO writer values('mir46','Michele Mulroney','shh02');
INSERT INTO writer values('pem47','Peter Morgan','rus01');
INSERT INTO writer values('eds48','Ed Solomon','nsm01');
INSERT INTO writer values('eds49','Ed Solomon','nsm02');




INSERT INTO songs values('incs1','Half Remembered Dream','inc01','1:12');
INSERT INTO songs values('incs2','We Built Our Own World','inc01','1:55');
INSERT INTO songs values('incs3','Dream Is Collapsing','inc01','2:28');
INSERT INTO songs values('incs4','Radical Notion','inc01','3:43');
INSERT INTO songs values('incs5','Old Souls','inc01','7:44');
INSERT INTO songs values('shrs1','May','shr01','0:33');
INSERT INTO songs values('shrs2','Shawshank Prison','shr01','1:53');
INSERT INTO songs values('shrs3','New Fish','shr01','1:50');
INSERT INTO songs values('shrs4','Rock Hammer','shr01','1:51');
INSERT INTO songs values('shrs5','An Inch of His Life','shr01','2:48');
INSERT INTO songs values('dkrs1','Why SO Serious?','dkr01','9:14');
INSERT INTO songs values('dkrs2','Harvey Two-Face','dkr01','6:34');
INSERT INTO songs values('dkrs3','A Storm is Coming','dkr02','0:37');
INSERT INTO songs values('dkrs4','The Fire Rises','dkr02','5:33');
INSERT INTO songs values('shis1','Fog Tropes','shi01','10:01');
INSERT INTO songs values('shis2','Music For Marcel Duchamp','shi01','5:46');
INSERT INTO songs values('rhrs1','How Deep Is Your Love','rhr01','4:10');
INSERT INTO songs values('rhrs2','Faded Pictures','rhr01','3:52');
INSERT INTO songs values('rhrs3','Area Codes','rhr02','3:43');
INSERT INTO songs values('rhrs4','Mine,Mine,Mine','rhr02','3:41');
INSERT INTO songs values('rhrs5','Giant Kug Fu','rhr03','2:34');
INSERT INTO songs values('rhrs6','Shi Shen','rhr03','2:17');
INSERT INTO songs values('blps1','Black Panther','blp01','2:11');
INSERT INTO songs values('blps2','All The Stars','blp01','3:56');
INSERT INTO songs values('blps3','King is Dead','blp01','3:50');
INSERT INTO songs values('thrs1','Ragnarok Suite','thr01','8:53');
INSERT INTO songs values('thrs2','Twilight Of the Gods','thr01','6:14');
INSERT INTO songs values('avgs1','Arrival','avg01','2:59');
INSERT INTO songs values('avgs2','Tunnel Chase','avg01','2:36');
INSERT INTO songs values('jtls1','Everybody Knows','jtl01','4:25');
INSERT INTO songs values('jtls2','The World Needs Superman','jtl01','1:00');
INSERT INTO songs values('dans1','Dhaakad','dan01','4:23');
INSERT INTO songs values('dans2','Dangal','dan01','4:59');
INSERT INTO songs values('tzps1','Maa','tzp01','5:11');
INSERT INTO songs values('tzps2','Taare Zameen Par','tzp01','7:09');
INSERT INTO songs values('bjms1','Malhari','bjm01','3:46');
INSERT INTO songs values('bjms2','Deewani Mastani','bjm01','5:39');
INSERT INTO songs values('bmbs1','Bhaag Milkha Bhaag','bmb01','4:29');
INSERT INTO songs values('bmbs2','Zinda','bmb01','3:31');
INSERT INTO songs values('udps1','Chitta Ve','udp01','4:48');
INSERT INTO songs values('udps2','Ud-Daa Punjab','udp01','4:35');
INSERT INTO songs values('pmvs1','Khalibali','pmv01','4:18');
INSERT INTO songs values('pmvs2','Ghoomar','pmv01','4:41');
INSERT INTO songs values('bhgs1','Sab Tera','bhg01','3:48');
INSERT INTO songs values('bhgs2','Cham Cham','bhg01','4:44');
INSERT INTO songs values('ends1','Arima Arima','end01','5:20');
INSERT INTO songs values('ends2','Kilimanjaro','end01','5:32');
INSERT INTO songs values('kabs1','Neerupu Da','kab01','3:38');
INSERT INTO songs values('kabs2','Maya Nadhi','kab01','4:35');
INSERT INTO songs values('rons1','Socha Hai','ron01','4:12');
INSERT INTO songs values('rons2','Rock On!!','ron01','3:55');
INSERT INTO songs values('jums1','First Move','jum01','2:20');
INSERT INTO songs values('jums2','Monkey Mahem','jum01','4:42');
INSERT INTO songs values('slms1','Jai Ho','slm01','5:19');
INSERT INTO songs values('slms2','Ringa Ringa','slm01','4:15');
INSERT INTO songs values('slms3','Millionaire','slm01','2:44');





INSERT INTO music_director VALUES ('haz01','Hans Zimmer','inc01');
INSERT INTO music_director VALUES ('thn02','Thomas Newman','shr01');
INSERT INTO music_director VALUES ('haz03','Hans Zimmer','dkr01');
INSERT INTO music_director VALUES ('haz04','Hans Zimmer','dkr02');
INSERT INTO music_director VALUES ('ror05','Robbie Robertson','shi01');
INSERT INTO music_director VALUES ('las06','Lalo Schifrin','rhr01');
INSERT INTO music_director VALUES ('las07','Lalo Schifrin','rhr02');
INSERT INTO music_director VALUES ('bob08','Bob Bowen','rhr03');
INSERT INTO music_director VALUES ('lug09','Ludwig Göransson','blp01');
INSERT INTO music_director VALUES ('mam10','Mark Mothersbaugh','thr01');
INSERT INTO music_director VALUES ('als11','Alan Silvestri','avg01');
INSERT INTO music_director VALUES ('dae12','Danny Elfman','jtl01');
INSERT INTO music_director VALUES ('roj12','Rolf Johnson','plf01');
INSERT INTO music_director VALUES ('chb13','Christophe Beck','ttx01');
INSERT INTO music_director VALUES ('prc14','Pritam Chakraborthy','dan01');
INSERT INTO music_director VALUES ('shm15','Shankar Mahadevan','tzp01');
INSERT INTO music_director VALUES ('sab16','Sanchit Balhara','bjm01');
INSERT INTO music_director VALUES ('shm17','Shankar Mahadevan','bmb01');
INSERT INTO music_director VALUES ('nac18','Nandan Chandavarkar','udp01');
INSERT INTO music_director VALUES ('anb19','Ankit Balhara','pmv01');
INSERT INTO music_director VALUES ('amm20','Amal Mallik','bhg01');
INSERT INTO music_director VALUES ('arr21','A.R. Rahman','end01');
INSERT INTO music_director VALUES ('san22','Santosh Narayanan','kab01');
INSERT INTO music_director VALUES ('arr22','A.R. Rahman','shb01');
INSERT INTO music_director VALUES ('shm16','Shankar Mahadevan','ron01');
INSERT INTO music_director VALUES ('jah23','James Horner','jum01');
INSERT INTO music_director VALUES ('arr23','A.R. Rahman','slm01');
INSERT INTO music_director VALUES ('cob24','Coby Brown','tmi01');
INSERT INTO music_director VALUES ('shm25','Shantanu Moitra','tid01');
INSERT INTO music_director VALUES ('snk26','Sneha Khanwalkar','gow01');
INSERT INTO music_director VALUES ('arr27','A.R. Rahman','rdb01');
INSERT INTO music_director VALUES ('arr28','A.R. Rahman','lag01');
INSERT INTO music_director VALUES ('shm29','Shankar Mahadevan','zmd01');
INSERT INTO music_director VALUES ('sam30','Salim Merchant','cdi01');
INSERT INTO music_director VALUES ('atg31','Atul Gogavale','pka01');
INSERT INTO music_director VALUES ('shm32','Shankar Mahadevan','mnk01');
INSERT INTO music_director VALUES ('jup33','Julius Packiam','bbh01');
INSERT INTO music_director VALUES ('nir34','Nino Rota','tgf01');
INSERT INTO music_director VALUES ('nir35','Nino Rota','tgf02');
INSERT INTO music_director VALUES ('keh36','Kenyon Hopkins','tam01');
INSERT INTO music_director VALUES ('dod37','Don Davis','mat01');
INSERT INTO music_director VALUES ('haz38','Hans Zimmer','ist01');
INSERT INTO music_director VALUES ('ran39','Randy Newman','tsy01');
INSERT INTO music_director VALUES ('ran40','Randy Newman','tsy02');
INSERT INTO music_director VALUES ('ran41','Randy Newman','tsy03');
INSERT INTO music_director VALUES ('haz41','Hans Zimmer','shh01');
INSERT INTO music_director VALUES ('haz42','Hans Zimmer','shh02');
INSERT INTO music_director VALUES ('haz43','Hans Zimmer','rus01');
INSERT INTO music_director VALUES ('brt44','Bryan Tyler','nsm01');
INSERT INTO music_director VALUES ('brt45','Bryan Tyler','nsm02');



INSERT INTO acts_in values('inc01','leo01','Cobb');
INSERT INTO acts_in values('shi01','leo01','Teddy Daniels');
INSERT INTO acts_in values('shi01','emo16','Rachel');
INSERT INTO acts_in values('inc01','jgl02','Arthur');
INSERT INTO acts_in values('dkr01','chb05','Bruce Wayne');
INSERT INTO acts_in values('dkr02','chb05','Bruce Wayne');
INSERT INTO acts_in values('dkr01','hel06','Joker');
INSERT INTO acts_in values('rhr01','jac13','Leee');
INSERT INTO acts_in values('rhr02','jac13','Lee');
INSERT INTO acts_in values('rhr03','jac13','Lee');
INSERT INTO acts_in values('dkr02','anh08','Selina');
INSERT INTO acts_in values('rhr01','cht14','Carter');
INSERT INTO acts_in values('rhr02','cht14','Carter');
INSERT INTO acts_in values('rhr03','cht14','Carter');
INSERT INTO acts_in values('shr01','mof03','Ellis Boyd Red Redding');
INSERT INTO acts_in values('shr01','tir04','Andy Dufresne');
INSERT INTO acts_in values('blp01','cbo17','TChalla');
INSERT INTO acts_in values('blp01','mbj18','Erik Killmonger');
INSERT INTO acts_in values('thr01','chh19','Thor');
INSERT INTO acts_in values('thr01','thi20','Loki');
INSERT INTO acts_in values('dkr02','toh07','Bane');
INSERT INTO acts_in values('avg01','mar10','Bruce Banner');
INSERT INTO acts_in values('avg01','rdj12','Tony Stark');
INSERT INTO acts_in values('avg01','che13','Steve Rogers');
INSERT INTO acts_in values('avg01','scj15','Natasha Romanoff');
INSERT INTO acts_in values('avg01','chh19','Thor');
INSERT INTO acts_in values('avg01','thi20','Loki');
INSERT INTO acts_in values('jtl01','baf21','Bruce Wayne');
INSERT INTO acts_in values('jtl01','gga22','Diana');
INSERT INTO acts_in values('jtl01','hca23','Clark Kent');
INSERT INTO acts_in values('plf01','uth24','Mia Wallace');
INSERT INTO acts_in values('plf01','jot25','Vincent Vega');
INSERT INTO acts_in values('ttx01','jac13','Jimmy Tong');
INSERT INTO acts_in values('ttx01','jlh26','Del Blaine');
INSERT INTO acts_in values('dan01','aak27','Mahavir Singh Phogat');
INSERT INTO acts_in values('dan01','sta28','Daya Kaur');
INSERT INTO acts_in values('tzp01','aak27','Ram Shankar Nikumbh');
INSERT INTO acts_in values('tzp01','das29','Ishaan Awasthi');
INSERT INTO acts_in values('bjm01','ras30','Peshwa Bajirao Ballal');
INSERT INTO acts_in values('bjm01','pch31','Kashibai');
INSERT INTO acts_in values('bjm01','dpa32','Mastani');
INSERT INTO acts_in values('bmb01','faa33','Milkha Singh');
INSERT INTO acts_in values('bmb01','sok34','Biro');
INSERT INTO acts_in values('udp01','ska35','Tommy Singh');
INSERT INTO acts_in values('udp01','kka36','Preet Sahani ');
INSERT INTO acts_in values('udp01','alb37','Kumari Pinky');
INSERT INTO acts_in values('pmv01','dpa32','Padmavati');
INSERT INTO acts_in values('pmv01','ras30','Sultan Alauddin Khilji');
INSERT INTO acts_in values('pmv01','ska35','Maharawal Ratan Singh');
INSERT INTO acts_in values('bhg01','shk38','Sia');
INSERT INTO acts_in values('bhg01','tis39','Ronny');
INSERT INTO acts_in values('end01','raj40','Chitti');
INSERT INTO acts_in values('end01','arb41','Sana');
INSERT INTO acts_in values('kab01','raj40','Kabali');
INSERT INTO acts_in values('shb01','raj40','Shivaji');
INSERT INTO acts_in values('ron01','arr42','Joseph Mascarenhas');
INSERT INTO acts_in values('ron01','faa33','Aditya Shroff');
INSERT INTO acts_in values('jum01','row43','Alan Parrish');
INSERT INTO acts_in values('jum01','kdu44','Judy Shepherd');
INSERT INTO acts_in values('slm01','dep09','Older Jamal');
INSERT INTO acts_in values('tmi01','dep09','S. Ramanujan');
INSERT INTO acts_in values('tid01','aak27','Rancho');
INSERT INTO acts_in values('tid01','kka36','Pia');
INSERT INTO acts_in values('gow01','mab45','Sardar Khan');
INSERT INTO acts_in values('gow01','rch46','Nagma Khatoon');
INSERT INTO acts_in values('rdb01','aak27','Chandrashekhar Azad');
INSERT INTO acts_in values('lag01','aak27','Bhuvan');
INSERT INTO acts_in values('zmd01','kat47','Laila');
INSERT INTO acts_in values('zmd01','hrr48','Arjun Saluja');
INSERT INTO acts_in values('cdi01','srk49','Kabir Khan');
INSERT INTO acts_in values('pka01','aak27','PK');
INSERT INTO acts_in values('pka01','ans50','Jagat Janani ');
INSERT INTO acts_in values('mnk01','srk49','Rizvan Khan');
INSERT INTO acts_in values('mnk01','kam51','Mandira Khan');
INSERT INTO acts_in values('bbh01','sak52','Bajrangi Bhaijaan');
INSERT INTO acts_in values('bbh01','kka36','Rasika');
INSERT INTO acts_in values('tgf01','mbr53','Don Vito Corleone');
INSERT INTO acts_in values('tgf01','alp54','Michael Corleone');
INSERT INTO acts_in values('tgf02','alp54','Michael Corleone');
INSERT INTO acts_in values('tam01','ljc56','Juror 3');
INSERT INTO acts_in values('tam01','hef55','Juror 8');
INSERT INTO acts_in values('mat01','lfi57','Morpheus');
INSERT INTO acts_in values('mat01','kre58','Neo');
INSERT INTO acts_in values('ist01','mmc59','Cooper');
INSERT INTO acts_in values('ist01','anh08','Brand');
INSERT INTO acts_in values('shh01','rdj12','Sherlock Holmes');
INSERT INTO acts_in values('shh01','jla60','Dr. John Watson');
INSERT INTO acts_in values('shh01','rmc61','Irene Adler');
INSERT INTO acts_in values('shh02','rdj12','Sherlock Holmes');
INSERT INTO acts_in values('shh02','jla60','Dr. John Watson');
INSERT INTO acts_in values('rus01','owi62','Suzy Miller');
INSERT INTO acts_in values('rus01','dbr63','Niki Lauda');
INSERT INTO acts_in values('rus01','chh19','James Hunt');
INSERT INTO acts_in values('nsm01','jei64','J. Daniel Atlas');
INSERT INTO acts_in values('nsm02','jei64','J. Daniel Atlas');
INSERT INTO acts_in values('jtl01','jei64','Lex Luthor');
INSERT INTO acts_in values('nsm01','mar10','Dylan Rhodes');
INSERT INTO acts_in values('nsm02','mar10','Dylan Rhodes');
INSERT INTO acts_in values('nsm01','mof03','Thaddeus Bradley');
INSERT INTO acts_in values('nsm01','dfr65','Jack Wilder');
INSERT INTO acts_in values('nsm02','dfr65','Jack Wilder');
INSERT INTO acts_in values('nsm01','woh66','Merritt McKinney');
INSERT INTO acts_in values('nsm02','woh66','Merritt McKinney');




INSERT INTO movie_genres values('inc01','gen01');
INSERT INTO movie_genres values('shr01','gen14');
INSERT INTO movie_genres values('dkr01','gen01');
INSERT INTO movie_genres values('dkr02','gen01');
INSERT INTO movie_genres values('shi01','gen14');
INSERT INTO movie_genres values('rhr01','gen05');
INSERT INTO movie_genres values('rhr02','gen05');
INSERT INTO movie_genres values('rhr03','gen05');
INSERT INTO movie_genres values('blp01','gen19');
INSERT INTO movie_genres values('thr01','gen10');
INSERT INTO movie_genres values('avg01','gen16');
INSERT INTO movie_genres values('jtl01','gen19');
INSERT INTO movie_genres values('plf01','gen05');
INSERT INTO movie_genres values('ttx01','gen01');
INSERT INTO movie_genres values('dan01','gen08');
INSERT INTO movie_genres values('tzp01','gen10');
INSERT INTO movie_genres values('bjm01','gen11');
INSERT INTO movie_genres values('bmb01','gen04');
INSERT INTO movie_genres values('udp01','gen06');
INSERT INTO movie_genres values('pmv01','gen11');
INSERT INTO movie_genres values('bhg01','gen01');
INSERT INTO movie_genres values('end01','gen16');
INSERT INTO movie_genres values('kab01','gen01');
INSERT INTO movie_genres values('shb01','gen01');
INSERT INTO movie_genres values('ron01','gen08');
INSERT INTO movie_genres values('jum01','gen02');
INSERT INTO movie_genres values('slm01','gen08');
INSERT INTO movie_genres values('tmi01','gen04');
INSERT INTO movie_genres values('tid01','gen05');
INSERT INTO movie_genres values('gow01','gen01');
INSERT INTO movie_genres values('rdb01','gen05');
INSERT INTO movie_genres values('lag01','gen02');
INSERT INTO movie_genres values('zmd01','gen02');
INSERT INTO movie_genres values('cdi01','gen08');
INSERT INTO movie_genres values('pka01','gen05');
INSERT INTO movie_genres values('mnk01','gen08');
INSERT INTO movie_genres values('bbh01','gen01');
INSERT INTO movie_genres values('tgf01','gen06');
INSERT INTO movie_genres values('tgf02','gen06');
INSERT INTO movie_genres values('tam01','gen06');
INSERT INTO movie_genres values('mat01','gen01');
INSERT INTO movie_genres values('ist01','gen16');
INSERT INTO movie_genres values('tsy01','gen03');
INSERT INTO movie_genres values('tsy02','gen03');
INSERT INTO movie_genres values('tsy03','gen03');
INSERT INTO movie_genres values('shh01','gen01');
INSERT INTO movie_genres values('shh02','gen01');
INSERT INTO movie_genres values('rus01','gen04');
INSERT INTO movie_genres values('nsm01','gen06');
INSERT INTO movie_genres values('nsm02','gen06');

INSERT INTO directs values('chn01','dkr01');
INSERT INTO directs values('chn01','dkr02');
INSERT INTO directs values('chn01','inc01');
INSERT INTO directs values('frd02','shr01');
INSERT INTO directs values('mas03','shi01');
INSERT INTO directs values('brr04','rhr01');
INSERT INTO directs values('brr04','rhr02');
INSERT INTO directs values('brr04','rhr03');
INSERT INTO directs values('ryc05','blp01');
INSERT INTO directs values('taw06','thr01');
INSERT INTO directs values('jow07','avg01');
INSERT INTO directs values('zas08','jtl01');
INSERT INTO directs values('qut09','plf01');
INSERT INTO directs values('ked10','ttx01');
INSERT INTO directs values('nit11','dan01');
INSERT INTO directs values('aak12','tzp01');
INSERT INTO directs values('slb13','bjm01');
INSERT INTO directs values('rom14','bmb01');
INSERT INTO directs values('abc15','udp01');
INSERT INTO directs values('slb14','pmv01');
INSERT INTO directs values('sak16','bhg01');
INSERT INTO directs values('ssh17','end01');
INSERT INTO directs values('par18','kab01');
INSERT INTO directs values('ssh17','shb01');
INSERT INTO directs values('abk38','ron01');
INSERT INTO directs values('joj19','jum01');
INSERT INTO directs values('dab20','slm01');
INSERT INTO directs values('mab21','tmi01');
INSERT INTO directs values('rah22','tid01');
INSERT INTO directs values('ank23','gow01');
INSERT INTO directs values('asg24','rdb01');
INSERT INTO directs values('asg24','lag01');
INSERT INTO directs values('zoa25','zmd01');
INSERT INTO directs values('sha26','cdi01');
INSERT INTO directs values('rah23','pka01');
INSERT INTO directs values('kaj27','mnk01');
INSERT INTO directs values('kak38','bbh01');
INSERT INTO directs values('ffc29','tgf01');
INSERT INTO directs values('ffc30','tgf02');
INSERT INTO directs values('sdl30','tam01');
INSERT INTO directs values('law31','mat01');
INSERT INTO directs values('chn01','ist01');
INSERT INTO directs values('leu33','tsy01');
INSERT INTO directs values('leu33','tsy02');
INSERT INTO directs values('leu33','tsy03');
INSERT INTO directs values('gur34','shh01');
INSERT INTO directs values('gur34','shh02');
INSERT INTO directs values('roh35','rus01');
INSERT INTO directs values('lol36','nsm01');
INSERT INTO directs values('lol36','nsm02');



INSERT INTO cinematographer VALUES ('wap01','Wally Pfister','inc01');
INSERT INTO cinematographer VALUES ('rod02','Roger Deakins','shr01');
INSERT INTO cinematographer VALUES ('wap03','Wally Pfister','dkr01');
INSERT INTO cinematographer VALUES ('wap04','Wally Pfister','dkr02');
INSERT INTO cinematographer VALUES ('rob05','Robert Richardson','shi01');
INSERT INTO cinematographer VALUES ('adg06','Adam Greenberg','rhr01');
INSERT INTO cinematographer VALUES ('mfl07','Matthew F. Leonetti','rhr02');
INSERT INTO cinematographer VALUES ('jmm08','James M. Muro','rhr03');
INSERT INTO cinematographer VALUES ('ram09','Rachel Morrison','blp01');
INSERT INTO cinematographer VALUES ('jaa10','Javier Aguirresarobe','thr01');
INSERT INTO cinematographer VALUES ('sem11','Seamus McGarvey','avg01');
INSERT INTO cinematographer VALUES ('faw12','Fabian Wagner','jtl01');
INSERT INTO cinematographer VALUES ('ans13','Andrzej Sekula','plf01');
INSERT INTO cinematographer VALUES ('sfw14','Stephen F. Windon','ttx01');
INSERT INTO cinematographer VALUES ('sap15','Satyajit Pande','dan01');
INSERT INTO cinematographer VALUES ('sap16','Satyajit Pande','tzp01');
INSERT INTO cinematographer VALUES ('suc17','Sudeep Chatterjee','bjm01');
INSERT INTO cinematographer VALUES ('bip18','Binod Pradhan','bmb01');
INSERT INTO cinematographer VALUES ('rar19','Rajeev Ravi','udp01');
INSERT INTO cinematographer VALUES ('suc20','Sudeep Chatterjee','pmv01');
INSERT INTO cinematographer VALUES ('bip21','Binod Pradhan','bhg01');
INSERT INTO cinematographer VALUES ('rrv22','R. Rathnavelu','end01');
INSERT INTO cinematographer VALUES ('gmv23','G. Murali Vardhan','kab01');
INSERT INTO cinematographer VALUES ('akv24','Anand K.V.','shb01');
INSERT INTO cinematographer VALUES ('jaw25','Jason West','ron01');
INSERT INTO cinematographer VALUES ('tea26','Thomas E. Ackerman','jum01');
INSERT INTO cinematographer VALUES ('adm27','Anthony Dod Mantle','slm01');
INSERT INTO cinematographer VALUES ('las28','Larry Smith','tmi01');
INSERT INTO cinematographer VALUES ('ckm29','C.K. Muraleedharan','tid01');
INSERT INTO cinematographer VALUES ('rar30','Rajeev Ravi','gow01');
INSERT INTO cinematographer VALUES ('bip31','Binod Pradhan','rdb01');
INSERT INTO cinematographer VALUES ('anm32','Anil Mehta','lag01');
INSERT INTO cinematographer VALUES ('cac33','Carlos Catalan','zmd01');
INSERT INTO cinematographer VALUES ('suc34','Sudeep Chatterjee','cdi01');
INSERT INTO cinematographer VALUES ('ckm35','C.K. Muraleedharan','pka01');
INSERT INTO cinematographer VALUES ('rkc36','Ravi K. Chandran','mnk01');
INSERT INTO cinematographer VALUES ('asm37','Aseem Mishra','bbh01');
INSERT INTO cinematographer VALUES ('gow38','Gordon Willis','tgf01');
INSERT INTO cinematographer VALUES ('gow39','Gordon Willis','tgf02');
INSERT INTO cinematographer VALUES ('bok40','Boris Kaufman','tam01');
INSERT INTO cinematographer VALUES ('blp41','Bill Pope','mat01');
INSERT INTO cinematographer VALUES ('hvh42','Hoyte Van Hoytema','ist01');
INSERT INTO cinematographer VALUES ('rog43','Robert Gordon','tsy01');
INSERT INTO cinematographer VALUES ('edi44','Edie Ichioka','tsy02');
INSERT INTO cinematographer VALUES ('jel45','Jeremy Lasky','tsy03');
INSERT INTO cinematographer VALUES ('phr46','Philippe Rousselot','shh01');
INSERT INTO cinematographer VALUES ('phr47','Philippe Rousselot','shh02');
INSERT INTO cinematographer VALUES ('adm48','Anthony Dod Mantle','rus01');
INSERT INTO cinematographer VALUES ('mia49','Mitchell Amundsen','nsm01');
INSERT INTO cinematographer VALUES ('ped50','Peter Deming','nsm02');




INSERT INTO rating values('inc01',320,5,'98%',2345677);
INSERT INTO rating values('shr01',285,5,'99%',2000000);
INSERT INTO rating values('dkr01',645,5,'96%',4532145);
INSERT INTO rating values('dkr02',713,4.5,'90%',5032145);
INSERT INTO rating values('shi01',295,5,'95%',2403456);
INSERT INTO rating values('rhr01',342,3.5,'86%',3223456);
INSERT INTO rating values('rhr02',295,4,'90%',3448921);
INSERT INTO rating values('rhr03',300,4,'92%',3678334);
INSERT INTO rating values('blp01',982,5,'99%',6732246);
INSERT INTO rating values('thr01',873,3.5,'80%',5687324);
INSERT INTO rating values('avg01',796,4.0,'89%',6324567);
INSERT INTO rating values('jtl01',632,3.0,'75%',6892123);
INSERT INTO rating values('plf01',316,4.0,'82%',1892456);
INSERT INTO rating values('ttx01',367,3.5,'86%',3245123);
INSERT INTO rating values('dan01',264,4.0,'88%',2893456);
INSERT INTO rating values('tzp01',217,4.0,'85%',2349883);
INSERT INTO rating values('bjm01',269,4.0,'87%',2899221);
INSERT INTO rating values('bmb01',245,4.0,'86%',2663445);
INSERT INTO rating values('udp01',233,3.5,'80%',2223345);
INSERT INTO rating values('pmv01',276,4.0,'85%',2899763);
INSERT INTO rating values('bhg01',239,2.5,'76%',1980334);
INSERT INTO rating values('end01',192,4.0,'90%',2341214);
INSERT INTO rating values('kab01',198,3.0,'85%',2654987);
INSERT INTO rating values('shb01',167,3.5,'88%',1998334);
INSERT INTO rating values('ron01',235,3.5,'83%',2224396);
INSERT INTO rating values('jum01',179,3.5,'88%',1455662);
INSERT INTO rating values('slm01',233,4.5,'96%',2963453);
INSERT INTO rating values('tmi01',209,4.0,'90%',2548893);
INSERT INTO rating values('tid01',235,4.0,'91%',2645234);
INSERT INTO rating values('gow01',145,4.0,'90%',2115432);
INSERT INTO rating values('rdb01',167,3.75,'87%',1983456);
INSERT INTO rating values('lag01',184,4.0,'92%',1788324);
INSERT INTO rating values('zmd01',221,4.0,'90%',2334441);
INSERT INTO rating values('cdi01',199,3.75,'87%',1876432);
INSERT INTO rating values('pka01',254,4.25,'90%',2743563);
INSERT INTO rating values('mnk01',219,4.0,'92%',2345678);
INSERT INTO rating values('bbh01',243,3.75,'86%',2783123);
INSERT INTO rating values('tgf01',128,5.0,'99%',1233498);
INSERT INTO rating values('tgf02',147,5.0,'98%',1765322);
INSERT INTO rating values('tam01',123,3.75,'79%',1112983);
INSERT INTO rating values('mat01',199,4.5,'96%',1743223);
INSERT INTO rating values('ist01',235,4.5,'97%',2042887);
INSERT INTO rating values('tsy01',203,4.0,'93%',1998222);
INSERT INTO rating values('tsy02',228,4.0,'92%',2045996);
INSERT INTO rating values('tsy03',248,3.75,'87%',2456998);
INSERT INTO rating values('shh01',233,3.75,'84%',2665543);
INSERT INTO rating values('shh02',243,4.0,'89%',2988321);
INSERT INTO rating values('rus01',204,3.75,'88%',2333456);
INSERT INTO rating values('nsm01',221,3.75,'89%',2134554);
INSERT INTO rating values('nsm02',234,3,'78%',2652345);



INSERT INTO producer values('chn01','Chirstopher Nolan');
INSERT INTO producer values('nim02','Niki Marvin');
INSERT INTO producer values('bjr03','Bradley J. Fischer');
INSERT INTO producer values('ars04','Arthur Sarkissian');
INSERT INTO producer values('kfe05','Kevin Feige');
INSERT INTO producer values('cro06','Charles Roven');
INSERT INTO producer values('lbe07','Lawrence Bender');
INSERT INTO producer values('asc08','Adam Schroeder');
INSERT INTO producer values('aak27','Aamir Khan');
INSERT INTO producer values('slb09','Sanjay Leela Bhansali');
INSERT INTO producer values('rom10','Rakeysh Omprakash Mehra');
INSERT INTO producer values('anu11','Anurag Kashyap');
INSERT INTO producer values('sna12','Sajid Nadiadwala');
INSERT INTO producer values('kma13','Kalanithi Maran');
INSERT INTO producer values('sth14','S. Thanu');
INSERT INTO producer values('msa15','M. Saravanan');
INSERT INTO producer values('faa33','Farhan Akhtar');
INSERT INTO producer values('wit16','William Tiler');
INSERT INTO producer values('crc17','Cristian Colson');
INSERT INTO producer values('erp18','Edward R Pressman');
INSERT INTO producer values('vvc19','Vidhu Vinod Chopra');
INSERT INTO producer values('ych20','Yash Chopra');
INSERT INTO producer values('kjo21','Karan Johar');
INSERT INTO producer values('sak52','Salman Khan');
INSERT INTO producer values('asr22','Albert S Ruddy');
INSERT INTO producer values('ffc22','Francis Ford Coppola');
INSERT INTO producer values('hef55','Henry Fonda');
INSERT INTO producer values('jsi23','Joel Silver');
INSERT INTO producer values('bar24','Bonnie Arnold');
INSERT INTO producer values('krj25','Karen Robert Jackson');
INSERT INTO producer values('dka26','Darla K Anderson');
INSERT INTO producer values('lwi27','Lionel Wigram');
INSERT INTO producer values('rho28','Ron Howard');
INSERT INTO producer values('akz29','Alex Kurtzman');




INSERT INTO produces values('inc01','chn01');
INSERT INTO produces values('shr01','nim02');
INSERT INTO produces values('dkr01','chn01');
INSERT INTO produces values('dkr02','chn01');
INSERT INTO produces values('shi01','bjr03');
INSERT INTO produces values('rhr01','ars04');
INSERT INTO produces values('rhr02','ars04');
INSERT INTO produces values('rhr03','ars04');
INSERT INTO produces values('blp01','kfe05');
INSERT INTO produces values('thr01','kfe05');
INSERT INTO produces values('avg01','kfe05');
INSERT INTO produces values('jtl01','cro06');
INSERT INTO produces values('plf01','lbe07');
INSERT INTO produces values('ttx01','asc08');
INSERT INTO produces values('dan01','aak27');
INSERT INTO produces values('tzp01','aak27');
INSERT INTO produces values('bjm01','slb09');
INSERT INTO produces values('bmb01','rom10');
INSERT INTO produces values('udp01','anu11');
INSERT INTO produces values('pmv01','slb09');
INSERT INTO produces values('bhg01','sna12');
INSERT INTO produces values('end01','kma13');
INSERT INTO produces values('kab01','sth14');
INSERT INTO produces values('shb01','msa15');
INSERT INTO produces values('ron01','faa33');
INSERT INTO produces values('jum01','wit16');
INSERT INTO produces values('slm01','crc17');
INSERT INTO produces values('tmi01','erp18');
INSERT INTO produces values('tid01','vvc19');
INSERT INTO produces values('gow01','anu11');
INSERT INTO produces values('rdb01','rom10');
INSERT INTO produces values('lag01','aak27');
INSERT INTO produces values('zmd01','faa33');
INSERT INTO produces values('cdi01','ych20');
INSERT INTO produces values('pka01','vvc19');
INSERT INTO produces values('mnk01','kjo21');
INSERT INTO produces values('bbh01','sak52');
INSERT INTO produces values('tgf01','asr22');
INSERT INTO produces values('tgf02','ffc22');
INSERT INTO produces values('tam01','hef55');
INSERT INTO produces values('mat01','jsi23');
INSERT INTO produces values('ist01','chn01');
INSERT INTO produces values('tsy01','bar24');
INSERT INTO produces values('tsy02','krj25');
INSERT INTO produces values('tsy03','dka26');
INSERT INTO produces values('shh01','lwi27');
INSERT INTO produces values('shh02','lwi27');
INSERT INTO produces values('rus01','rho28');
INSERT INTO produces values('nsm01','akz29');
INSERT INTO produces values('nsm02','akz29');